Tovar,Price
"БЗМЖ Молоко пастер Простоквашино 2,5% 930мл пэт",69.99
БЗМЖ Коктейль молочный Экомилк Solo 2% банан 930мл ...,94.99
"БЗМЖ Молоко утп Домик в деревне 3,2% 925мл тба",76.99
"БЗМЖ Молоко утп Parmalat 3,5% 1л",118.99
"БЗМЖ Молоко утп Эконива 3,2% 1000мл TBA SlimCap",76.99
"БЗМЖ Молоко утп Домик в деревне 2,5% 950г",76.99
"БЗМЖ Молоко утп ОКЕЙ Daily 1,5% 1л тва",54.99
"БЗМЖ Молоко утп ОКЕЙ Daily 2,5% 1л тва",67.99
"БЗМЖ Молоко ОКЕЙ утп 1,5% 975мл ТВА крышка",72.99
"БЗМЖ Молоко утп Село Зеленое 3,2% 950мл",74.99
"БЗМЖ Молоко пастер Простоквашино отб 3,4-4,5% 930мл ...",93.99
"БЗМЖ Молоко ОКЕЙ утп топлёное 3,2% 1л ТВА крышка",89.99
БЗМЖ Сливки ОКЕЙ (ТЧН!) утп 10% 200г,32.99
БЗМЖ Сливки ОКЕЙ утп 10% 500г тетра-пак крышка,95.99
БЗМЖ Сливки ОКЕЙ/БМК утп 20% 500г тетра-пак крышка,119.99
"БЗМЖ Молоко ОКЕЙ утп 3,2% 975мл ТВА крышка",82.99
БЗМЖ Сливки ОКЕЙ стерилизованные 20% 200мл тва,59.99
"БЗМЖ Молоко паст Домик в деревне ДерОтб 3,5-4,5% ...",109.99
БЗМЖ Сливки ОКЕЙ стерилизованные 33% 200мл тва,82.99
"БЗМЖ Молоко пастер Домик в деревне 2,5% 930мл пэт",87.99
"БЗМЖ Молоко утп Parmalat Comfort безлактозное 3,5% ...",157.99
"БЗМЖ Молоко утп Parmalat 0,5% 1л",89.99
"БЗМЖ Молоко утп М 3,2% 950г тва",98.99
"БЗМЖ Молоко утп Вологодское 3,2% 200 мл",29.99
БЗМЖ Молоко паст Домик в деревне ДерОтб ...,119.99
"БЗМЖ Молоко утп Parmalat 1,8% 1л",99.99
БЗМЖ Сливки Домик в деревне стерилизованные 10% ...,159.49
"БЗМЖ Молоко утп Parmalat Comfort безлактозное 1,8% ...",125.49
"БЗМЖ Молоко утп Белый город 3,2% 1кг",91.99
БЗМЖ Сливки УТП Простоквашино 10% 20г,12.99
"БЗМЖ Молоко утп Parmalat 3,5% 200мл",34.99
БЗМЖ Коктейль утп ОКЕЙ ваниль 200мл,23.99
"БЗМЖ Молоко пастер Нашей Дойки 3,4-6% 930мл пэт",92.99
"БЗМЖ Молоко утп Простоквашино безлактозное 1,5% ...",125.99
"БЗМЖ Молоко пастер Искренне Ваш 3,2% 930г пэт",107.49
"БЗМЖ Молоко пастер Домик в деревне 2,5% 1400мл пэт",153.99
"БЗМЖ Молоко пастер Эконива 2,5% 1000мл пэт",110.99
"БЗМЖ Молоко пастер Простоквашино отборное 3,4%-4,5% ...",139.99
"БЗМЖ Молоко утп Parmalat Comfort безлактозное 0,05% ...",131.99
БЗМЖ Сливки Белый город стерилизованные 10% 200г,46.99
БЗМЖ Сливки утп Parmalat 35% 500г,279.0
"БЗМЖ Молоко утп Село Зеленое 2,5% 950мл",116.99
"БЗМЖ Молоко пастер топленое Простоквашино 3,2% ...",99.99
БЗМЖ Молоко Фермерская коллекция пастер цельное ...,93.99
БЗМЖ Коктейль утп Чудо шоколад 3% 200мл,49.99
"БЗМЖ Молоко пастер ОКЕЙ 3,2% 1,9л канистра",156.99
"БЗМЖ Молоко утп Белый город 2,5% 1кг",89.99
БЗМЖ Сливки Домик в деревне стерилизованные 20% ...,229.0
"БЗМЖ Молоко утп Parmalat Comfort безлактозное 1,8% ...",39.99
"БЗМЖ Молоко пастер Куб Молочник 3,4-6% 720г кан",98.99
"БЗМЖ Молоко утп Parmalat 1,8% 200мл",36.99
"БЗМЖ Молоко пастер Село Зеленое 3,2% 2кг пэт",189.99
БЗМЖ Коктейль утп ОКЕЙ шоколад 200мл,23.99
"БЗМЖ Молоко пастер Правильное молоко 2,5% 0,9л пэт",99.99
"БЗМЖ Молоко утп Белый город 1,5% 1л",82.49
"БЗМЖ Молоко утп Простоквашино 3,2% 950г тва",124.99
БЗМЖ Сливки утп Parmalat 11% 500г,138.99
"БЗМЖ Молоко утп Простоквашино 2,5% 950мл тва",120.99
БЗМЖ Коктейль утп Чудо ваниль 2% 200мл,49.99
БЗМЖ Сливки Домик в деревне стерилизованные 20% ...,114.99
БЗМЖ Сливки Домик в деревне стерилизованные 33% ...,279.0
БЗМЖ Сливки УТП питевые Campina 10% 10*10г,61.99
"БЗМЖ Молоко пастер ОКЕЙ 2,5% 1,9л канистра",149.99
"БЗМЖ Молоко пастер Простоквашино 1,5% 930г пэт",80.99
"БЗМЖ Молоко пастер Вкуснотеево цельное 3,5-6% 900г ...",69.99
"БЗМЖ Молоко утп Valio 1,5% 1кг",129.99
БЗМЖ Коктейль мол Чудо ягодное мороженое 2% 950г ...,162.49
БЗМЖ Коктейль утп Чудо шоколад 2% 960г тва,164.49
БЗМЖ Коктейль утп Чудо клубника 2% 200мл,49.99
"БЗМЖ Молоко утп Вологодское 3,2% 1л",115.49
БЗМЖ Коктейль утп Чудо ягодное мороженое 2% 200г ...,49.99
БЗМЖ Сливки Домик в деревне стер 10% 200г пак,78.49
